{"stats":{"minecraft:mined":{"minecraft:short_grass":1,"minecraft:grass_block":1,"minecraft:bamboo":1,"minecraft:jungle_leaves":2},"minecraft:custom":{"minecraft:time_since_rest":23072,"minecraft:play_time":23072,"minecraft:sprint_one_cm":4800,"minecraft:damage_taken":150,"minecraft:walk_one_cm":22615,"minecraft:walk_under_water_one_cm":49,"minecraft:mob_kills":1,"minecraft:jump":87,"minecraft:damage_dealt":60,"minecraft:leave_game":5,"minecraft:walk_on_water_one_cm":182,"minecraft:time_since_death":23072,"minecraft:climb_one_cm":958,"minecraft:total_world_time":23072,"minecraft:swim_one_cm":367,"minecraft:fall_one_cm":2878,"minecraft:fly_one_cm":2905},"minecraft:picked_up":{"minecraft:chicken":1,"minecraft:bamboo":7,"minecraft:dirt":1},"minecraft:used":{"minecraft:bamboo":1,"minecraft:dirt":1,"minecraft:chicken":1},"minecraft:killed":{"minecraft:chicken":1}},"DataVersion":3953}