{"stats":{"minecraft:custom":{"minecraft:time_since_rest":35110,"minecraft:play_time":35110,"minecraft:sprint_one_cm":6002,"minecraft:damage_taken":215,"minecraft:walk_one_cm":12230,"minecraft:sneak_time":296,"minecraft:jump":48,"minecraft:damage_dealt":30,"minecraft:leave_game":5,"minecraft:time_since_death":35110,"minecraft:climb_one_cm":159,"minecraft:total_world_time":35110,"minecraft:fall_one_cm":2283,"minecraft:fly_one_cm":5093},"minecraft:mined":{"minecraft:podzol":1,"minecraft:jungle_log":1,"minecraft:dirt":1,"minecraft:jungle_leaves":1,"minecraft:oak_leaves":1},"minecraft:crafted":{"minecraft:jungle_planks":4},"minecraft:picked_up":{"minecraft:jungle_log":1,"minecraft:bamboo":6,"minecraft:dirt":2},"minecraft:used":{"minecraft:dirt":2,"minecraft:jungle_planks":2}},"DataVersion":3953}