{"stats":{"minecraft:crafted":{"minecraft:jungle_planks":4},"minecraft:custom":{"minecraft:jump":44,"minecraft:time_since_rest":11650,"minecraft:leave_game":1,"minecraft:sprint_one_cm":6002,"minecraft:play_time":11650,"minecraft:damage_taken":195,"minecraft:time_since_death":11650,"minecraft:walk_one_cm":5903,"minecraft:sneak_time":183,"minecraft:climb_one_cm":159,"minecraft:total_world_time":11650,"minecraft:fall_one_cm":2283,"minecraft:fly_one_cm":5093},"minecraft:mined":{"minecraft:podzol":1,"minecraft:jungle_leaves":1,"minecraft:jungle_log":1,"minecraft:oak_leaves":1,"minecraft:dirt":1},"minecraft:used":{"minecraft:dirt":2,"minecraft:jungle_planks":2},"minecraft:picked_up":{"minecraft:jungle_log":1,"minecraft:bamboo":6,"minecraft:dirt":2}},"DataVersion":3953}